CEO PBId,Twitter Handle
225994-69P,@genioho
166848-31P,@swehan
59681-44P,**
272526-22P,@TousinaMartin
185788-54P,@NiftyRidley
141302-80P,"@EllieSymes, @southerngurl519"
257008-78P,@JasonAWood1
157850-20P,@josh_simons_
234407-17P,@WilderRumpf
44280-28P,"@krmccall, @kthmccll"
262629-73P,**
199946-89P,@UglyAmerican
267638-68P,"@TVsKyle, @kylebtc"
40610-98P,"@PetFlan, 
Peter Flanagan
@Petergiligulgul"
32226-31P,@Golfsullivan
31878-91P,"@PrakChakravarti, @Prakash58808812"
103381-75P,@OliverHeartmont
41729-68P,
179224-93P,
229136-86P,@luliu
45434-08P,@BryanFinnerty
32016-34P,"@NJHpdx, @NancyloveHam"
59906-44P,
119142-64P,@kledaras
209557-36P,@taylormeyer721
39643-39P,
275702-77P,
244941-49P,@Garymarella
192059-02P,@gregg_murset
46144-63P,
170783-02P,@ges13
250608-16P,@Jesse_Anglen
183038-77P,
283154-68P,
41566-33P,@berimeric
163797-49P,@YaaniYulia
242131-06P,
171431-11P,@ct_hutcheson
78798-16P,@Natmembersuite
92961-01P,
115754-50P,@kumanulife
269670-97P,
203846-50P,@DeeveeKashi
40201-75P,@EccentexCEO
207508-87P,"@BrianConroy11, @Brianconroy621"
92306-26P,
172664-83P,@tmizzone
280111-60P,
36956-17P,@Brian_panOpen
59653-90P,
52086-52P,@austinsense
179869-42P,@emilysmithceo
42981-49P,@jbselz
144821-71P,@JeriFrank
61604-11P,
105261-04P,"@adam8taylor, @AskAdamTaylor"
263874-97P,"@aditya49, @AdityaTallapra1"
56151-19P,@artemsmind
143039-26P,@yenhwas
269655-85P,
42135-40P,@mnicastro24
144206-92P,@nirper
138835-54P,
42351-31P,@PhilNoLimits
220880-89P,
269201-98P,@KevForTheHuynh
220957-48P,
138257-47P,@murriner
,
191914-48P,"@_danielennis_ , @Aikar , @danennis_"
203667-04P,"@praveen200s,  @sinha_praveen"
235599-94P,"@Jag_Gattu, "
225517-24P,
252530-11P,@carlaesmall
258551-11P,"@dantudor, @danielrtudor"
87250-96P,@nirajr
227384-11P,"@eureka297, @Nick_Maptician"
258094-45P,@DanH1957
43896-61P,@ngirard
157620-07P,@rajat_974
269035-39P,"@BrenekJason,"
43966-99P,@wadefoster
165040-48P,"@RichardGauthier, @RicharGauthier, @Rigotier"
75619-81P,@adnanmahmud
114089-23P,
117046-09P,@miku_jha
211558-69P,@gokul_muralidha
269542-00P,@mjhayesTV
129469-87P,@inderjeetgujral
113435-65P,@douglaswilber
136016-56P,@ori_rafael
105649-30P,"@RLM_3,   @RMitchellPGA"
172664-83P,@tmizzone
186908-23P,"@winkler_tyler, @TylerWi52028056"
46912-24P,@MichaelJais
127796-50P,@cedsav
206574-94P,@AustinRWoodward
48280-15P,"@Sven_Svensen, @StevenSchneider"
38223-46P,@itzikcoh
161888-86P,"@cynthiaadams57, @cnote1616,  @adams_bb17"
206598-34P,@chetfaliszek
89394-22P,@billstron
165989-08P,"@tomgordonLD, @TomGordonMartin"
203451-94P,@Vote_ForPedro
183238-30P,@AhmedElsayyad_
223279-30P,@gregg_levin
45865-00P,@TomCoburn1
232176-70P,@ChaseGarrett23
251722-72P,@markacrawfordjr
210827-71P,@denniscai
62174-44P,"@JeremiahCall,"
111181-42P,"@rguerrieri, @guerrieri53,"
107239-06P,"@boydb81, @BigB5535, @bret_B15, @bboyd85"
183294-73P,@kal_amin
257793-22P,"@adellam0, @damico_andrea"
236226-61P,@oware
83003-95P,"@jamesdowd1, @James_Dowdall"
206746-93P,
242126-02P,@JamesHervold
134428-96P,@nmarzouk
44516-44P,@techsportsmark
207919-00P,"@Gordeve28, @andreygordeev87, @AndreyGordeev"
138605-41P,"@RealTweets_KY, @jhuggins_23"
52205-05P,@Ralph_Marcucc
141430-51P,@apatriq
220703-68P,@AllenCMueller
201968-20P,@mattcasa
153076-15P,"@ethanbarhydt
"
153585-55P,@dave__bowen
269035-39P,"@BrenekJason, @jason_brenek"
135404-47P,@nicktommarello
202339-00P,
57086-20P,@cmbreeze
94383-19P,"@bal_english, @b_english_0, @Bren_E92,"
222088-06P,"@landonlawson24, @LandonLawson18"
44237-98P,@rick06038556
135530-65P,@Rasheed_hamouda
57094-39P,@peterhoradan
121246-21P,@randysaaf
38757-34P,@brianshin
230292-64P,"@DanielSpera, @danspera"
100577-44P,"@smashley98614, @SellersWes, @SellersWesley"
51182-65P,@fassadip
80252-02P,"@bigmo287, @Smoritz22, @stevemoritz"
39046-60P,@persilientvj
229306-33P,@djkustelski
105275-17P,@WayneLam888
121619-62P,"@kevindunnNY, @KevinTechExec"
150626-80P,@thahazer
50362-57P,@RogerCasals
170198-38P,"@seanbourgeois30, @seanbourgeois1,"
274317-94P,"@TejasShinge,"
205220-44P,@Shanekovalsky
74828-17P,@ZacharyDeWitt
39127-60P,@jasonnazar
150596-02P,@o_micron
42106-42P,@GHammerman
226885-87P,@shewidan
244845-73P,@TirmanTom
241788-25P,@benjaryu
187559-56P,@daisylumley
182106-91P,@PrabhuFacilio
105748-03P,@ken_so
273474-64P,@RieweFabian
51129-91P,"@bradydisabeast, "
133667-47P,@jayjreno
199976-32P,@JohnRayBradford
,
13471-12P,"@bgraham888, @BruceGraham0"
142261-21P,"@JoeKozak_, @jo_kozak, @Jo_Ko90"
246739-15P,"@TroiseEliott,"
214331-95P,
205763-95P,@JasonFox70
126143-74P,@sebastianmetti
203925-07P,@jon_vitti
154185-76P,@TheDonnyWhite
112550-32P,@GaryAckermanDDS
250497-73P,"@ADIAZONESIR, @adiazDC"
123868-45P,@waldsteinj
210391-84P,
191449-27P,"@danielwise92, @wisejayhawk"
223744-69P,@AndersonMAA
209021-05P,
290473-93P,@Aidan_StanWorld
181465-48P,@YoussefASaleh
237309-22P,"@StevenPHartman, @StevenPHartman, @SteveHartman87"
41926-24P,@skypen
185333-14P,@JRegenor
42944-59P,@devofonik. @greenmachine039 .
45963-19P,@davidpearah
251822-71P,@GTRJamey
160354-90P,@zoharhod
257632-48P,@lydiajhan
198401-95P,@ardis
162746-11P,"@William_Ward,  @BillyElNino"
224408-98P,@_stevecarter_
124945-30P,"@williamlennon, @blennon_"
135527-23P,@DmitryLoki
100371-16P,
126443-89P,"@RaymondNomizu, @rnomizu"
197957-35P,@nemrow
269199-37P,@twschiller
81524-80P,@devontivona
98488-36P,@thayerstewart
143772-22P,@hellokeegan
170236-99P,@SocialYappaApp
50515-39P,@SiteWitCEO
273813-49P,
243615-61P,@tomasccampos
168604-57P,@santibibiloni
229809-43P,
96201-10P,@TZhongg
61374-97P,@chiragpancholi
125652-43P,@michiarohrssen
40127-86P,@adams472
283149-19P,"@therealjt84, @JohnTho31343873"
262619-56P,@timlongojr
59653-90P,"@AJK_Kuhlmann, @AndreasKuhlmann"
108282-97P,"@victorjfaust, @Sweet_Lou92"
187411-06P,@beradleydavis
186017-05P,
100363-78P,@SandDollarDeals
179674-84P,@KurtzerGreg
174215-53P,"@eadler, @EricAdler, @ProfEricAdler"
96853-87P,@davidjbrunner
79526-89P,@StephenCornwell
93190-06P,@SVPierce
44219-62P,@jeremiahg
13668-31P,"@securemoshir,"
264350-08P,Konrad Zemek
237512-98P,@ameensol
260468-20P,"@Chris___Ewing, "
103404-88P,"@subirbh1, @SUBIRBH35997734"
164783-35P,@DJSterntables
208269-73P,"@_JohnBertrand, @John_KW1"
169897-78P,@ArdalanKhosrow
114911-38P,"@roofbeam, @DavidGArnold"
133703-11P,"@gabriel666smith, @GabeSmith92"
214947-73P,@beenuar
232819-03P,@JoshSear
45579-97P,@Ostendio_CEO
54938-17P,@jacobaross
262604-17P,@DChoi_1976
176193-64P,@BrendanKamm
113751-28P,@abtinh
93561-31P,@kadvani
38422-00P,@mbam_
263300-77P,"@mark4ceredigion, @MarkWi1liams"
39623-77P,@tophday
195873-04P,@JimBugwadia
183082-87P,@dpstomar
103404-88P,"@subirbh1, @SUBIRBH35997734"
224434-45P,
54141-94P,@geromesapp
148725-73P,@KillerMiller275
178182-55P,"@feringlean, @braindiesel"
240424-21P,@Gooray
85012-21P,@acrowder33
63498-70P,@rossmeissl
145985-59P,"@kylegiddens, @KyleGiddens1"
272878-39P,@DaveGulezian
211806-73P,"@Abhiman14528089, @abhiman76727600"
244219-60P,@alexcyrell
174215-53P,"@eric_adler, @EricAdler"
240666-13P,"@JsonJara23, @Jordan_jay09"
209557-36P,@taylormeyer721
233017-30P,@bwrightbyu
210083-50P,@jmsseara
41379-04P,"@Steveparrygolf, @SDParry86"
176459-59P,"@_SpencerPrice_, @spencer_price98"
150925-78P,@Jon_Berna
219352-24P,"@SenatorJimQuinn, @james_t_quinn"
218188-09P,@joshontheweb
175585-33P,@ReverendTopo
123718-60P,"@nliuzza, @NickLiuzza, @Cedric_890"
120462-58P,@assafkar
194169-79P,@CaseyGraham
150337-27P,@Jo4dev
60142-60P,@martyjbeard
191246-50P,
47800-90P,@matturmy
100978-12P,@SereneMomen
130922-65P,@JeffFlath
141182-65P,@grant_langston
267849-73P,@nickrahm
138138-04P,"@bill_sarris, @sarris_bill"
87952-78P,@EllenNussbaum
180537-49P,@BergieTX
247377-34P,@sahilchawla14
184557-16P,@jeffcfriedman
49644-46P,@Mackattack10
42325-66P,
188097-94P,@ZachBruch
148749-22P,@bechhoe1
64728-91P,@pathume66
178155-55P,@murthycsn
97560-82P,@AdamTreiser
147086-74P,@dcarosa
114371-20P,@snehalantani
133087-24P,@iraLogix
249408-82P,@hash_bender
82026-37P,@Brian_Markerr
249810-22P,@JimMcHugh
272243-35P,"@Bryyyyy34, @brianpodolak"
,
251250-49P,"@sandeepvarma, @SandeepVarmaz"
253860-40P,"@adamsbeck, @HCCDB"
166914-64P,@stuartwmcleod
163375-21P,@LouisBaugier
247944-70P,"@syedquadri099, @ahmedpashaqadri"
106569-55P,@nicole_beck412
128357-20P,@kaseyedwards_
208546-66P,@_RyanBorn
62138-44P,@anthemhayek
98664-58P,"@philipgeorgeuk, @PhillipGeorge"
203946-49P,@EgorKirin2
96365-35P,@TimCampbellRTS
179297-20P,@heathersh
47184-31P,"@shocked_sparky, @ErikKlassenmusi"
268468-12P,@_padmakumarnair
,
267333-85P,"@DarrenLaCroix, "
49603-87P,@sindhutweet
102304-90P,@karimhijazi
231388-84P,@jakelisby
93149-83P,@melvinhines
206767-00P,@_rachelolney
261616-15P,@GeorgyEgy
99877-87P,@romeshaurigin
158980-69P,@Beckyalicia
,
77853-70P,@MichaelTringe
94235-32P,@sayhitosean
214695-37P,@CanaanLinder
205200-73P,"@khalifa_tamim, @tamim_khalifa"
69388-66P,"@jason_sprankle, @jasonsprenkle"
136425-07P,@EmirDukic
110940-58P,@darrenmarble
245507-41P,"@thevinit18, @VinitSr63036050"
147193-12P,@JaneMosbacher
119680-21P,@John_Powers
126511-39P,@rishi__mathew
35329-60P,@davej95
113435-65P,@douglaswilber
250459-03P,@ironman_ai
171361-81P,@StephenSoukup
82650-34P,@kishan_guptas
166302-55P,@LukeRFox
247959-01P,@justartshaikh
194026-33P,@RosuGrigore
38429-92P,@mevans1
173474-47P,@kennethrapp
146969-47P,@kwmuir
208416-97P,"@Alokprasad62, @alokprasad84"
263579-14P,@danielmckinn0n
150337-27P,@Jo4dev
247040-56P,Sandip Ranjhan
156844-99P,
161215-75P,@hoobeguy
185785-66P,@StevenGlinert
52358-50P,@SCarney_Pi
206446-33P,@kkrish59
148501-09P,@georgefbakersr
160297-21P,"@Alens_Adventure, @HaQuynhThu"
56250-91P,@danielsinger
171178-21P,@SakemotoFromAND
127674-73P,"@CharlesYap, @Le_CharlesY"
133456-87P,@realJoeDeSena
161397-64P,@sundeepravande1
251790-49P,"@StephenRWray, @SteveWray3"
256826-62P,@PeterTeresi
267588-37P,"@jberubesr, @JackBerube"
85526-65P,"@peterbowman, @heypbowman"
211956-58P,@cenksidar
209998-27P,@Mafferty
267354-37P,"@lhhightower, @HightowerLester"
118208-62P,@MarionM75
113325-22P,"@annezinkmd, @AnneMZink"
193168-81P,"@michaeldonahue_, @DonahueMJ"
232660-99P,@MarcinWyszynski
115972-30P,"@ChefJenCarroll, @JCarrollFoy"
100249-39P,@coachforwardpod
42123-61P,@JedRice
225126-73P,@DSakya
183538-90P,@JohnPJoseph_
112681-63P,@KimStiefel79
243370-81P,"@johnburnsjbrec, @johnburns_C21"
146697-04P,@ajtrees
42528-97P,"@iSharad, @heysharad, @sharad_kr_verma"
234654-94P,"@chauani,  @aniruddhachaud3"
36657-55P,"@YoungMTodd, @Todd_C_Young"
39739-96P,@A3aanVanWyk
234943-48P,"@tdonnelly23, @timpdonnelly"
203925-07P,@jon_vitti
231694-48P,"@Garoid44, @garret_DT"
205635-07P,@directrpep
92893-87P,@tomcdorsett
172751-32P,@robertsofia
177968-80P,
218396-53P,@ReidRooney
106130-44P,
167481-91P,@zbigniewwojna
222606-64P,@AdamWeinstein
94883-23P,@dlnrb
191704-51P,@PShukla8
151111-72P,
142321-78P,@mekennard
151226-11P,@SimonAdar
113029-12P,@scottwayman
147867-67P,@ChrisRipleyATX
150050-62P,@D_Voronenko
219382-84P,
56624-77P,@bobbyclee
227454-85P,@pennesiant
136289-80P,@ethanagarwal
176448-79P,@r_pofale
224434-45P,
273258-82P,"@fib_bob, 

@ImBobReed"
282580-48P,"@midatlanticism, @justinorenOren"
14332-06P,@KobitonKevin
63070-30P,@coryklippsten
258591-25P,@dawkinsjay
101237-95P,"@jeremiah_gall, @Jeremiahgall11"
95766-67P,@JanelleMaiocco
186610-42P,
191243-08P,"@RobGarrison87, @RobGarrison11"
212899-42P,"@gdon329, @gordonodriscoll"
169461-37P,"@BradleyWeitz, @WeitzBrad,  @weitz_brad"
173093-23P,"@CavalierJr, @bcavalier506, @BrandonCavalier"
124536-97P,@tamascser
58902-67P,
214502-50P,"@RohinTagra,,"
38627-65P,@screenmeet
165298-42P,@ykassim
35534-89P,@andresblank
166185-55P,@craiglimoli
108114-58P,@bconstantin
193649-41P,@PatrickLarsen
108707-77P,"@yuanbowang89, @YuanboW"
41215-69P,@duncandavi
45282-16P,@antitornado
223279-30P,@gregg_levin
202675-06P,@rogerjkirkness
63632-26P,@jokim1
242048-62P,"@CLeeMinor, @Dareal_MrMinor, @Chr_Minor"
193037-05P,@_raj_bains
101050-66P,@ajbretschneider
246794-95P,@fazlerocks
131376-43P,@j_bisceglie
253777-06P,"@jeffreychen24, @jeff_chen_"
62745-13P,@Andy_Greff
172588-78P,"@Mayankpatel201, @96mayankpatel"
214421-23P,@claudia_recchi
120233-08P,"@Ad8mmaher, @maher_adam7"
152155-63P,@Tejsb
136793-53P,@avshah
68204-71P,"@walker_white5,  @cryptowhitewalk"
215708-14P,@Jsidloc
105214-51P,@shannasam
251262-37P,
117494-47P,@mikeaverto
225372-97P,@BarclayJKeith
237438-73P,@NeelPandya
195727-96P,@joeschaeppi
207603-82P,@kristykim1015
194007-70P,@garrycooperjr
69787-99P,@dfreed1
58438-36P,
108307-09P,@tommyoneill
82604-71P,@chrisbrunner
149208-58P,@jossleufrancois
219875-68P,(@CastedLindsay
224328-70P,@arankhanna
62553-70P,@markstraub
192037-33P,@thejessezhang
212018-68P,@scottwkaz
184152-70P,
154664-47P,@NMercad
263282-68P,
37127-98P,@jboner
181483-21P,@NewRetirement
44358-22P,@shayxjones
191106-10P,@saw_ruv
161226-10P,@danielgblackman
240604-48P,"@LaurenD2015, @laurenrock40"
178076-89P,@oaneto
104950-36P,@brian_dally
79340-32P,@Alex_HowGood
52303-24P,@smccorkle
90247-69P,@lax_outplay
167995-72P,
242589-52P,@benspringwater
183348-64P,"@Hela_03, @HelaCheikhrouh1"
223496-65P,@Kausvt
226063-63P,
183098-44P,@vsairamkumar
241483-33P,
245220-67P,@SchlicherMartha
43327-63P,@TarekKamil
109489-06P,shurwitzpixo
261983-71P,
44854-93P,
108905-86P,BenReich1
203663-89P,
224886-97P,Robert_Yuen
107594-38P,jiglasscock
212981-14P,
150719-32P,
227099-89P,
225226-63P,AmyAuthenticx
242888-14P,nishchaychadha1
69843-70P,launcox
188976-52P,Tenayshus_B
245507-05P,
200113-03P,
40649-05P,
49833-91P,rvilladiego
42345-19P,Bdbrew
47253-34P,brianrue
257767-30P,nick_emmons
170184-88P,jmitch
237381-22P,
232666-84P,Ezraslevine
33456-61P,
226093-06P,
208064-08P,
213342-49P,krisdunthoori
124694-47P,smontgomerie
263849-95P,
,
179661-61P,ScottRovegno
44632-45P,
211428-82P,
12874-96P,TracyAstarte
40887-28P,
92832-13P,
250009-84P,
205659-55P,RussFadel
42086-17P,MattFordPrism
191123-83P,atjbruce
102236-59P,
201390-13P,jasonwenk
191401-84P,
183501-64P,
115961-14P,emerywells
,
36851-41P,johnrobertsAO
172739-80P,
164662-21P,pauljnoble
206994-52P,Hisham_Aldrin
221781-16P,
234642-34P,
193056-13P,talbrown
105885-64P,EmilyG 
80992-36P,jrhusney
144915-22P,
69785-47P,Adams_Ideas
160902-37P,emadulhasan
223561-90P,pockyjack
221780-89P,
125610-22P,GadiRusc
142605-82P,saturnial
53081-56P,jeremyblalock
81762-58P,fengtality
150352-21P,ChrisDeckDC
51162-85P,Blake_Lawrence
171421-66P,
64177-30P,
195686-56P,
240641-74P,js_horne
211554-46P,
75140-83P,
213815-62P,
220854-61P,troymcclain
36981-46P,
275648-95P,
193407-67P,MalekaMomand
41661-19P,JsLittera
91748-80P,
88113-07P,
74064-61P,
180266-32P,
200529-91P,
218354-23P,
49542-85P,techCEO
213413-59P,
260595-64P,yolobro
204753-70P,grahamneray
146544-94P,
95700-34P,henryyoshida
187819-12P,evgeth_
192863-80P,Gina_Gutierrez
28136-35P,antonber
39670-75P,
281636-65P,peterprizio
171094-24P,katie_fang
53238-70P,mychung
195898-06P,danpantelo
225886-24P,vinay_shet
76068-01P,yannigiannaros
257976-64P,
193990-87P,BenMizes
110715-85P,ravisparikh
39790-18P,
219987-64P,
229930-30P,AdipNasle
176077-63P,
204198-31P,baldassarifr
195644-89P,siddharthm83
138454-66P,ErhanMusaoglu
110748-52P,
86568-31P,MrCoreyWhite
73633-96P,KerryOracleGuy
109207-27P,
97937-11P,rathnas
227967-13P,
222196-96P,snarkyzk
271412-47P,Youreka_io
210182-23P,alice_default
210898-00P,
219382-93P,
185690-80P,
54334-09P,sakumar1
258860-17P,
80622-19P,
110462-23P,
44633-53P,arunshrestha
124214-05P,lukesophinos
84394-09P,ktfolsom
234780-67P,
243830-17P,StephenDinan
44358-22P,
269616-07P,
246033-37P,
200039-77P,
40263-49P,CastoroGamer
206876-89P,
220670-38P,SuperRareJohn
269004-88P,Bchillman
226337-32P,
39847-96P,HenryWAdams
125043-94P,
183988-36P,cillian
181239-22P,uriklarman
95964-76P,
187537-24P,
84299-14P,tomhadfield
200271-07P,
219051-73P,raedish
147161-53P,dana110001
69359-77P,
101072-08P,ctpeifer
86244-31P,singh_harpreet
227468-80P,
152169-94P,
58097-35P,MarthinDeBeer
42531-49P,
207672-40P,
280792-45P,
237830-05P,
72363-25P,
147418-84P,
75150-64P,
110025-64P,haddockinvent
147083-50P,
273797-56P,
177776-02P,clairecaveny
119632-87P,
183598-39P,goeltweets
82708-39P,CraigJamalLewis
182940-76P,TravisHoloway
201259-90P,JunailiLie
213093-10P,everettcookny
56741-14P,acwheeler33
64769-50P,genefay
162203-68P,kevsben
139718-17P,
176727-97P,AntonioMJuliano
165853-81P,
185041-72P,
223998-22P,get10000fans
206352-19P,
74994-76P,
283631-59P,ashleyantonides
206928-01P,
57094-39P,peterhoradan
190978-12P,agershenson
210041-83P,mhealander
164098-18P,bkrish_da_ish
192139-30P,
211528-27P,
224038-90P,
55035-73P,
50546-80P,
239973-40P,IamKKannan
44755-48P,DavidUtleyMD
36501-40P,arijacoby
53731-81P,jeffyasuda
220198-60P,FOsitelu
85179-88P,aseemchandra
148407-94P,pauljperrone
61262-56P,uriharamati
45059-95P,
225458-11P,
216113-41P,
115336-36P,JSwifty
154934-02P,laureltaylor1
96268-60P,
112185-82P,mikehelfrich1
153061-21P,
133682-59P,sanjaypojo
48578-14P,ariraivetz
139984-48P,LeahWald
244922-59P,
221657-32P,
210174-13P,kiratpandya
167803-66P,
131646-25P,MBurdick12
200030-14P,
194111-20P,
59413-33P,whereisyaffe
78369-58P,Tan_Hack
237367-45P,
182756-17P,OmarQJordan
239475-16P,Stakenborg
186181-75P,
207879-67P,
80220-70P,matt_hocking
47860-21P,joshstella
216310-42P,
13752-46P,
235809-64P,
242872-57P,matttresidder
59769-28P,alexpach
218497-69P,cfochristina
219487-51P,
176563-36P,
237922-21P,
221039-74P,
38224-00P,averyj
84910-42P,
236401-21P,AdamGavish
104179-51P,
232106-95P,vanceroush
241715-89P,imcolemason
195174-19P,
131865-04P,anthony_j_zhang
236645-29P,
198885-70P,SonnyTai
163811-62P,jbrowder1
209651-23P,Andy_Tsen
251158-69P,
98436-34P,
151173-01P,IlitRaz
140520-88P,
12874-96P,TracyAstarte
233569-54P,Bradley_Miles_
207603-82P,kristykim1015
188071-93P,bramdon_schulz
264516-31P,
235758-34P,
230841-64P,
190252-63P,avishic
126367-12P,jfurneaux
172889-56P,jfaz
35876-89P,nickhalsey
143548-21P,
241701-22P,zalessya
238247-29P,niemerg
236310-04P,YarkinDavid
42697-45P,
111382-93P,
77526-82P,
43672-60P,
87022-81P,baself90
173120-86P,AlexandreRbcqt
80761-60P,NickCromydas
211946-05P,AlexBeliankin
183038-77P,
145312-21P,brysonbort
95256-01P,yaeljkatz
233877-79P,
77837-50P,sarthak_jain
241003-36P,darshanvaidya
200554-84P,
198040-42P,rnnbrk
182520-46P,
115224-58P,MichalAlter
215568-55P,
120913-21P,
235791-46P,
36944-74P,bobmoul
77630-32P,LarsDyrud
191785-42P,kimberly_shenk
163801-81P,
73208-35P,daniyalzade
161849-80P,vijayeraji
244717-93P,PelleB
112986-28P,
203846-50P,DeeveeKashi
111058-30P,
174413-26P,
68906-08P,thesatspeaks
193906-36P,john_peurifoy
208350-01P,Sherveen
46547-65P,
87529-60P,mattspiegelesq
124175-98P,JacksonBoyar
115978-96P,Jan_Szilagyi
166284-73P,Vadim_Rogovskiy
171744-85P,paddyorah
165128-50P,
244615-42P,Altimor
78060-79P,
189391-51P,Wemimo11
220966-30P,ThiagoDaCosta_
62070-13P,bismarcklepe
129553-57P,
193518-46P,AmandaDoAmanda
90770-32P,deoates
200803-69P,shaanh
220217-95P,SinaCherazi
241826-05P,
207900-19P,goberoi
186043-42P,richardlschwart
201066-49P,StevenRaucher
99510-49P,GaryYorkTech
55334-08P,
204372-82P,
182985-67P,
44056-54P,gregalvo
36393-76P,
47677-69P,BenDoh
150964-12P,SalimElkhou
107283-79P,alinelernerLLC
78961-60P,VanessaDidyk 
131642-20P,PaulYacoubian
110044-81P,O_Alex_Ramirez
192903-22P,
58902-67P,
273776-59P,
210890-71P,martinrand
161138-35P,neilbergquist 
205822-54P,
246784-33P,jfrytx
41409-64P,nanea
102011-68P,DrChrisPierson
238157-47P,pualhinz
188894-71P,John_c_lunn
122917-78P,Ashenfelter
121029-13P,arlogilbert
112733-29P,SeabeeCEO
56280-61P,GaryMittman
211215-61P,
125379-01P,ThePBXGuy
201485-53P,
244297-45P,teddywoodward
203302-36P,
172889-56P,jfaz
102219-04P,KevinEdwardLong
196221-25P,
84394-09P,ktfolsom
41325-76P,
91377-64P,
165689-29P,
37008-46P,lawrencecoburn
127586-98P,HowellJustin
75730-87P,BradCordovaAI
204267-07P,edenfull
228986-02P,
108827-38P,kjameslubin
68551-12P,
193179-43P,CatchKristen
52545-97P,jlamba
116594-20P,SECowell
,
32454-46P,
228362-32P,
41018-68P,GregKingOsprey
134368-57P,laurenedunford
244303-30P,DMZilla
161304-85P,berkbirand
163786-51P,
166597-57P,wsmitchell
84817-00P,AndreaCoravos
242714-62P,
223734-25P,CKlemming
171890-65P,
202350-88P,
120562-39P,galka_max
195338-17P,
75019-15P,chrisswenor
178995-25P,fahimulhaq
195314-59P,
235719-64P,HarmanSN
204053-14P,TheLatestLuke
231346-18P,peterjbyrnes
60891-85P,
49745-89P,maxversace
35613-64P,jkretch
106160-86P,seandohertyjr
211319-74P,
41205-79P,
16594-57P,
225811-09P,SonarBrad
241173-37P,OpenAdvisor
244820-44P,toddcowens
195125-50P,Himansh14706798
144792-01P,
144191-98P,thomashesse
47606-50P,
216087-94P,BenDavid00786093
57864-25P,
39579-04P,gangeshganesan
109447-66P,
110041-48P,
233205-22P,MelaineRyan
128561-23P,stewmcgarth
127500-94P,
104421-34P,
40495-87P,mcutler
225465-31P,
40606-93P,
,
224266-33P,
95422-42P,michaelchasen
225273-70P,alexathallow
148487-32P,TonyTranNYC
178886-62P,dchhugani
224957-80P,edenchen
192055-33P,shantanugangal
46752-58P,semerda
227173-78P,Gs1Sharma
166383-46P,SaraNaseri
280081-81P,
190835-83P,HelaineKnapp
149646-79P,d_gilling
131346-73P,LizPYoung
38864-98P,jonsidd
201405-97P,JPatBrennan
192015-82P,yuchenping
249114-43P,
185750-92P,Armored_Jewels
228390-04P,
78174-64P,varunkhona
237593-62P,arjunmeta
222507-73P,semels
109175-14P,hungtrv
215513-29P,wh33lhouse
40244-77P,ijablokov
248707-90P,nikolatod3
115364-53P,briancosgray
248153-41P,joshwget
118733-86P,chri_hartmann
224554-51P,
154490-14P,
18087-49P,
56120-59P,Dmvaltix
106555-06P,emaxerrno
224433-64P,davidbarkerceo
128956-60P,abilmes
33557-59P,
241788-25P,benjaryu
104060-08P,
92881-27P,
67179-16P,bartolah
263208-97P,
112330-63P,donovan_doug
192179-98P,joepercoco
244971-55P,
66840-85P,thomasschiavone
167672-26P,crash_universe
61206-76P,saketsaurabh
100469-53P,ankit042
50829-58P,blairsilverberg
120521-17P,drichardson1976
211416-04P,
197008-30P,
109070-56P,
99637-21P,
168627-61P,omristern
245395-99P,
74230-03P,morgantdav
173867-41P,
13962-43P,
224407-45P,
157386-07P,jessatoh
212307-22P,melfellay
148490-11P,
64859-95P,
50345-92P,AdityaKothadiya
56843-65P,ranjanready
103884-31P,
96981-40P,PamCEO
256925-71P,
213691-06P,BrianJBoroff
88552-99P,bobbymarhamat
237612-07P,RobertLKruse
188817-31P,matt__schwartz
238103-29P,
69565-96P,
100321-84P,S_Ghatge
85164-49P,raggarwa
202278-34P, 
195652-36P,MrOmerDavidi
171474-31P,
210941-74P,chris_herd
189777-97P,davidlkf
197700-85P,koullick
141795-46P,edwardlando
45206-83P,
192099-61P,
172894-24P,comet_ai
135429-13P,marlantes
59948-29P,vijaykganesan
107047-18P,mikewior
220524-22P,
168183-46P,Wcoaxum
35367-22P,shamir_k
256518-37P,evan_vandenberg
42503-95P,Narodny
194171-68P,
129320-92P,
55514-17P,achandrasekher
216820-00P,ashishnagar
100655-74P,
208716-76P,
204446-98P,ShaneBigelow_
234261-82P,KirtiShenoy 
198170-92P,taurnchitra
43457-14P,sharamfm
189494-38P,
202750-39P,
200184-76P,
231327-37P,nishantmodak
42786-46P,polybot
200072-44P,
169334-47P,KentaroKwamori
127357-66P,CharHu
174148-12P,
284073-13P,vinayakxr
51554-08P, 
90793-27P,berman66
170412-67P,dmitry_alexin
200298-16P,estebancastano
192773-80P,SCHutchins
54978-58P,MichelFeaster
57652-75P,jarahk
192595-51P,felix2feng
175515-76P,davitb 
38903-68P,jesselipson
145210-69P,IeeePresident
250497-73P,
237447-10P,
176757-49P,AshleyRose_ATX
188818-12P,
194256-01P,
198251-56P,arunsrinivasan_
241937-83P,
167612-05P,
240916-15P,alxfal
270119-17P,
42156-37P,knarf55
166385-17P,analisagoodin
146376-73P,locktrust
245326-96P,SaarOren
208761-49P,michaelvillar
206020-36P,ScoirGerry
206474-68P,TigranP76430557
231160-42P,_BenHQ
191536-30P,
101273-68P,richardjresnick
148474-72P,
220998-16P,Steve8708
58438-36P,
266247-19P,adamgluck
202386-79P,Nicole_A_Clark
269011-09P,georgee_jacobs
38868-13P,erictbest
52893-28P,jbornhorst
241520-32P,aivanovic
206689-33P,vinayshukla_est
124188-67P,
97479-28P,
202300-75P, 
159073-03P,SSKAFF
228052-09P,nicosimko
225864-19P,james406
38868-13P,erictbest
35240-59P,beckbesecker
191059-21P,dipanwita_d
264610-45P,InsecureNature
167127-40P,willwarren
208548-73P,edge_delta
205109-65P,ktal90
170626-87P,christineptao
124967-08P,DustinGYoder
123813-73P,ChrisPallotta
70613-65P,patrickjwoods
207896-05P,tejaskonduru
155001-52P,mgbits
219861-10P,
233322-85P,mattbivons
219653-92P,mt_lattices
98520-85P,hemenv 
231094-00P,
76561-48P,Marioario
232712-29P,jjguy
207891-19P,apoorv_bh89
50662-63P,zach_shelby
110294-20P,albeckum
159697-90P,DvilVillegas
38365-30P,kwindla
57243-88P,DavidSniderHW
170207-83P,kaangunay_
42810-04P,jeremygoldberg
209013-40P,therealRoShow
44148-43P,giga.io
39890-89P,jgynot
203943-70P,banu__guler
201663-82P,timrice99
52749-46P,adam_jiwan
117208-18P,LightGuideInc
207598-33P,dsaezgil
218213-29P,
219529-54P,secplusplus
191439-55P,JoshSanchez_13
237177-55P,Chandra_Rang
139555-18P,aclaimant
41440-24P,kirankamity
206684-47P,
112073-50P,Kno2
166745-80P,dilipnrao
36028-72P,PetabyteTech
192119-50P,tom_lemberg
174744-37P,digitalarun
113686-75P,JorySchwach
125373-88P,StevenSimoni
210131-92P,grantmcdougall
29032-12P,
63239-05P,Blake0Walker
196578-37P,ashaunak
206365-78P,
241790-77P,simfoniapps
270484-57P,NoeticCyber
153075-34P,jasonbgross
84669-67P,SanjoeTJ
137896-75P,1DanielBurrows
39878-02P,TruTags
35863-66P,WildfireSyatems
62934-31P,
167315-68P,Element5Ai
192840-85P,
214003-54P,
135977-59P,RobAndersNiio
262401-13P,stanleycrup
120622-24P,andriinb
123885-01P,_paulpalmieri
83667-61P,Altana_AI
40032-46P,shawn_douglass
142983-01P,jfkahn
242143-75P,
108464-50P,JimMcGinleyIV
184470-58P,Ramanaj05
142441-21P,apatzer
220025-80P,bnichols9883
220405-78P,
234298-18P,timallenwagner
37252-45P,akridata
186565-78P,leasewithkafene
35487-73P,adamhjk
242424-73P,pvdanilov
55314-37P,johnfohr
259672-06P,aakashsastry
84070-81P,
47860-57P,toddpersen
232660-99P,spaceliftio
190279-36P,Brace_ai
209883-88P,CodyHorchak
50955-85P,Dagk
51256-54P,Sue_Fennessy
165640-15P,elibenjoseph
106613-11P,PlayBoomSports
212308-03P,flashtract
244747-18P,drjoelfulton
262874-62P,shensi_
176409-10P,
223950-16P,KerryannKocher
145375-39P,GoalsetterCo
54474-04P,HelloMalbek
38223-46P,itzikcoh
225715-24P,dharosaurus
128385-73P,dhirajsharan
140987-71P,keydunov
108988-39P,Anne_Fuel50
179934-13P,
38425-24P,zgorelov
225244-45P,RoxanneBras
110748-52P,
196788-07P,
202293-64P,mytheator
215882-74P,TheTeaGuns
232250-86P,TylerMDavis
216314-02P,udaykirachaka
,
44850-52P,drewsechrist
240046-75P,chrisboardman
47207-80P,borisjabes 
231269-77P,FlippoConforti
234136-90P,AlekKoenig
38532-61P,
62217-19P,tdtruett
229421-44P,neosec_com
110059-66P,
239106-43P,mason_mcl
225626-05P,clintonbembryjr
141380-02P,Tethr_io
121481-65P,Brandon_Brown
99125-02P,thomaswalle
165358-81P,alexyouzhou
262401-13P,stanleycrup
188894-71P,John_c_lunn
192015-82P,yuchenping
164140-93P,vence_io
85515-49P,orikrn
36848-26P,TechLacuna
135984-70P,jeffapps
127584-91P,ilovemaxwell
140678-65P,anandshah_2
232504-39P,ItamarBenHemo
41706-28P,mveerina
140750-92P,ekwking
102989-44P,rjgary
79810-75P,
188383-24P,gauravbhattac16
176285-98P,VeoRideMobility
209547-73P,shinynew_oz
160497-55P,gsilver42
194249-53P,andresgarciaamaya.eth
38324-08P,nbanta
63213-40P,MohGar
111421-36P,
37106-29P,adharni
12516-94P,evolon_tech
240166-63P,kiankatan
269810-56P,
73352-17P,
226883-89P,barrald
225002-35P,briansze
61225-39P,timsehn
34275-52P,Resurety
46290-43P,tomgriffiths
99108-01P,
209165-77P,klirlydavid
124067-17P,DCohenShohet
202087-36P,RIMSYS_SYS
100489-42P,husseinthoughts
148972-78P,ahtih
159869-08P,WorkStepInc
75358-09P,jain_ankit
221825-71P,
235445-23P,josephpalalbanese
178912-54P,orderful
235855-81P,aminebellakird
205644-70P,
196514-29P,mcolacurcio
190585-81P,
75312-01P,craigunger1
239630-41P,sebaudet26
232910-38P,Leishman
216475-57P,Nick_Bonfiglio
40612-78P,ericsatz
133667-47P,jayjreno
61894-90P,
218782-99P,KyleJamesKirwan
131826-43P,NickMacario
183214-18P,
141191-56P,jmeller
103472-65P,cgalmenar
237438-73P,
127385-92P,EMLieber
204378-76P,reconstructinc
212802-58P,ldelbeccaro
216317-17P,yayabonetti
150509-08P,
193921-21P,surbhorathoree
209275-75P,
118663-48P,sharmag88
238456-54P,adammoelis
189092-17P,BrendanPlayford
60217-84P,xnitingupta
65442-16P,
238261-87P,duubbamann
242903-44P,
225849-97P,ultimate_afro
151237-63P,ripplematch
241752-34P,smallchou
220789-63P,YangCLiu
216993-07P,tommyjcola
212710-15P,
59039-83P,Ray_Sturm
140567-59P,roam_bee
203925-07P,
37192-60P,huntstevens
124272-10P,colinmacnaught
41516-65P,prajan
258426-46P,realchrispiche
232422-22P,sunnythehan
40948-75P,maycotte
214819-84P,shravvmehtaa
267870-07P,andriko
228212-83P,chrismaurice
180303-67P,bryanmtl
131380-39P,deepgramscott
186896-53P,tommychavez
54910-09P,NeuromotionLabs
200297-08P,
204187-24P,kerryxwang
172907-65P,NathanHecht
110437-75P,Clarence_Bethea
56925-55P,agamkalamchi
199993-06P,josh_swit
102988-90P,virtuousgabe
240454-54P,
50313-70P,FieldGarthwaite
169464-97P,TheFarmGroup
54322-66P,alexadelman
169167-34P,OptimalDynamics
188345-08P,WillLucasMH1
155765-26P,virtualiticsVR
136465-30P,dbkrischner
40477-24P,joshm
153403-30P,MattVanzz
202951-54P,YieldXCEO
93229-84P,BrianLoew
226885-87P,shewidan
42255-01P,
273283-12P,alexzirbel
211231-81P,gabriel_engel
186050-35P,remotelock_news
42450-04P,mikebaukes
41291-74P,getreprise
123375-16P,jalehr
249378-94P,KaitlynKnopp
48398-23P,AuDigent
44342-47P,
180310-60P,jigarksh
237915-55P,CloudStanfield
179731-00P,openreelvideo
167298-94P,kellysmithinaz
35547-04P,immad
41253-67P,chetan_
205220-44P,Shanekovalsky
65770-30P,VirtuixOmni
163990-72P,
204741-19P,
154610-02P,elise_m_smith
45693-91P,waresykes
30759-31P,jason_lopatecki
236881-99P,QoloPayments
147600-37P,
210536-29P,ben_j0ne5
181694-80P,melanietravis
163391-50P,
51054-85P,davidblake
99442-81P,
38353-51P,westshell3
104740-21P,
239545-09P,derek_t_lo
197796-88P,trobata_io
87778-18P,
234982-09P,
83236-42P,
74501-29P,cyen
182493-73P,PaulJoeyPowers
228559-06P,kurtisjlin
204954-58P,EsolaMike
264052-90P,
46373-86P,rereichbach
206121-61P,SergeyYudovskiy
237213-73P,poparazzidotcom
16815-70P,
211214-71P,FullStackML
188316-46P,connors
177387-58P,joincanvas
44829-10P,Sentieo
242308-36P,
199722-97P,AsafMeir
32530-69P,solvewithvia
38645-47P,followrene
36774-91P,JustinAnt1
81269-02P,AlexMaffeo
242735-14P,DavidDobrik
193455-37P,orenbarzilai
97896-34P,tompetry
56059-12P,gaganbiyani
142869-79P,amasad
254014-12P,reverselogik
87463-00P,tausight
166537-72P,smccreanor
201610-00P,kudja01
203003-38P,jwickett
132668-56P,Idelictech
182045-26P,ctdean
42477-22P,eliransapir
199286-38P,
170105-05P,thhedavidbrumley
181855-72P,phaedrael
36233-29P,hoomanradfar
172993-51P,Wind_Talker_Inc
223834-42P,calinpac
59697-73P,julienbarbier42
96925-69P,michaelboerner
47297-71P,pradeep24
242200-09P,bohan
204132-79P,_dandanlee
186702-94P,threatlocker
47016-10P,jamingo
80047-54P,jonbittner
166781-89P,lakhanpaln
14800-69P,altorfer
228274-66P,alexkorff
98767-63P,jimberryhill
203275-54P,sgoldfed
135451-45P,DeepakAnchala
63884-80P,
47788-39P,
160068-97P,CheWijesinghe
143189-56P,VishalRJoshi
244420-57P,jmkendall1
44793-28P,james8pica
117999-82P,Itential
214884-19P,
235554-40P,jaredtparker_
175904-56P,yojimmykim
162316-63P,TortugaAgTech
41947-75P,tenryfu
270383-32P,
142947-28P,stevenmih
51918-31P,petkanics
67590-82P,
96808-60P,drscottrifkin
38143-27P,RobertMcClung16
,
238725-82P,
84292-75P,
236833-66P,
37021-78P,ameeshd
58566-34P,
35354-44P,aeisaian
56572-75P,Ray_Hein_Propel
200862-91P,MikeWiacek
38160-91P,deblasiojp
186896-53P,tommychavez
60255-73P,cwylonis
251154-82P,mahimachawlaa
194105-44P,mleebarlow
214160-86P,nik_mikic
51387-13P,
237935-26P,saparicioi
220231-27P,jim_persuit
210985-57P,jalospinoso
40526-92P,codinghorror
163721-17P,
195117-94P,seczetta
250699-87P,SchonfeldRyan
87420-70P,christtiankletzl
227952-64P,CogniacAI
127220-95P,padmasree
78111-37P,protenus
216097-93P,soumyadeb_mitra
86847-58P,RichardSocher
149539-87P,JoannaKiddRiley
224886-97P,Robert_Yuen
259487-47P,
35717-32P,dperry
252425-35P,ebalassanian
162806-05P,carolynrodz
199819-36P,aikarjal
200896-75P,Bibhra
99365-41P,jaslson9
40819-15P,bbalfour
220611-43P,AbeGong
103524-67P,tacurran
236266-66P,mrocklin
148869-73P,rsethjohnston
102230-56P,marcinkurc
204149-89P,anuraggoel
247797-82P,
242090-65P,josephofiowa
60943-06P,Stephlirkpat
158206-06P,Fzabetian
104060-08P,
123117-13P,aunder
69223-15P,karnsaroya
38938-78P,lcbe
145659-34P,kevalaanalytics
245852-65P,bspellacy_
167006-71P,connexpay
36977-41P,
229438-00P,@TGagguturu
139510-54P,@marcminor
51918-31P,@petkanics
266170-60P,@gupta_kshi
202372-30P,"@DanielLStein, @danielstein"
168308-38P,@tbfaux
44236-36P,
169430-23P,@dvdhsu
147951-37P,@GaryLaFever
43627-51P,@sashaorloff
89997-22P,@cjbullock
239992-57P,@genkidave
101230-57P,
250338-34P,
52932-25P,@ajb376
185069-71P,
210009-61P,@gw_smiles
131270-77P,
102467-62P,@gtoschi1
178886-62P,@dchhugani
50776-03P,@eleanorwcooper
60335-47P,@may_habib
232592-23P,@MichelleUfford
99613-27P,@JonahLopin
61713-10P,@YanivMakover
238753-27P,@glebmm
192375-64P,@awjaffe
183208-06P,"@JoshBirdUK, @jbirdjordan33, @joshgrenon"
67873-15P,@GregWunderle
128614-33P,@dmlboost
237799-27P,@amaral_john
61922-44P,@roh1
87104-44P,@aprakash03
223702-03P,@PeterQuintas
117698-86P,
216635-14P,@larryfurr
160773-31P,
183584-17P,@joshsmckinney
65342-98P,@NaveenGRao
206626-78P,@dominicdinardo
75069-10P,@ErikKostelnik
201087-10P,@yubo_ruan
205888-42P,"@armstrj2, @armstrongjohnc"
239362-48P,@Signal_Peak
203939-29P,
22577-05P,
191850-40P,"@martinclaure, @ClaureOjalvo"
237081-79P,@paulpaget
254270-53P,@tanujt
234298-18P,@timallenwagner
36085-51P,@scotwingo
224957-80P,edenchen
129303-46P,"@OrtizAdrian_, @its__adrian__"
84344-50P,
121695-58P,@johnczupak
40342-15P,@JohnHMorris
237509-83P,@ottohmaccabee
86608-36P,@dsabol
74135-53P,@AlecSlocum
107291-71P,@phildreynolds2
31058-02P,@dougaley
71941-24P,@wright_jordan
62222-32P,@scottcjohnston
159468-31P,@vcning
254468-17P,
162710-56P,@dfinzer
95685-04P,
169612-57P,@ezhiln
240664-42P,@mpayne06
249831-73P,
249220-72P,
231071-95P,@DavidShrier
33201-91P,@dshader
92522-89P,
14093-92P,@alexbroeker
151003-54P,@jvaibhav1101
48248-02P,@paulbudnitz
247499-65P,Follow
79285-06P,@ericchernoff
203284-45P,@bobbytables
79268-50P,@BEEPCEO
128023-66P,@aghosn9
112433-32P,
210742-12P,@thomaslijr
71448-04P,@colincarrier
89174-17P,@samhh0329
195487-21P,
41467-24P,@rebeminguela
224578-36P,@RobVHolland
,
261897-13P,@KishoreBytes
268084-45P,@alexrlevin
160515-82P,@sijieg
240258-52P,@LeoreAvidar
266087-08P,
80447-05P,@YevaHyusyan
238725-82P,@KatOrekhova
192100-33P,@guronghuieric
99283-78P,@amirelichai
237587-86P,@JoeFerencz
43100-92P,@josephkelly
227377-36P,@david_tropic
131380-39P,@deepgramscott
209417-95P,
241173-64P,@NotMattGeorge
35403-31P,@B_Frei
226595-35P,@rdasxy
236980-99P,@BM_DataDowntime
196442-83P,
40032-28P,@nhomsany
122172-94P,@MrJorgeZamora
205092-82P,
182042-38P,@yarbroughcam
255229-21P,
41695-57P,@youmon
148328-74P,@werkdodger
201089-44P,@mlinnert
228512-08P,@NijiSabharwal
255198-16P,@imjgoldsmith
101293-48P,@stevenRobert
74329-12P,@markowitzadam
193648-87P,
198565-66P,@mmurray
206842-33P,@DerekVadala
61238-98P,@csanz
159974-56P,
122170-42P,@chriswcarson
189777-97P,@davidlkf
55719-28P,@akashrnigam
134392-69P,@dbratshpis
92414-44P,@gloriatlau
223884-91P,@christinaqi
117996-31P,
145570-33P,@napsel
240148-72P,
38725-84P,@xiaowa
176338-99P,@onetechydude
135515-89P,@gsmerdon
96842-98P,@slederer
194004-01P,@Klein05
162262-00P,@joshforeman
159161-41P,@Viral_B_Shah
251461-54P,
205454-71P,@johnisaacclark
44215-84P,@KwameKvamme
50444-92P,@ramsba
93631-69P,@jomcfarland
215490-43P,@jasoncdorfman
38082-07P,@danielleahy
80041-60P,@haseebbudhani
123272-83P,@QCWareCEO
104789-71P,
209468-80P,@sercanesn
,
251298-46P,@bar_geron
163125-64P,
78298-93P,@Vasu_Prathipati
190273-51P,@DoktorGurson
202108-15P,@srulikd
41099-50P,@sonnyvu
238090-15P,@vignanv8
46631-08P,@jstreebin
103169-62P,@pateljm
125176-33P,@johnv
160881-13P,
201131-29P,"@JoelNeidig, @jdneidig, @digs05"
35129-62P,@DavidMcDoughnu
220197-61P,@hlevi
212234-32P,@wlrvs
225724-60P,@MichelTricot
59332-42P,@sonalpuri
198260-02P,
97519-42P,@meniri
280237-06P,
44194-78P,@manavrm
247209-40P,@flippnflops
69484-24P,@mattkilmartin
44407-72P,@gfeek
243333-46P,@davidndindi
141522-49P,@chsu1992
122506-21P,
35531-38P,@mg
92754-37P,
216332-29P,
139848-85P,@ArnoldEngel
161471-80P,@BrunskillTom
229158-28P,
187932-88P,@JULIOMARTINEZG
260743-69P,
225023-41P,
103002-31P,@brendonkensel
89559-19P,@Hershfield
44820-10P,
43914-25P,"@abhayjeetgupta, @abhaygupta"
35201-53P,@yshaham
206693-47P,@christsai
221473-36P,@nhonma
193655-35P,@anandx
79215-85P,@amandalgorton
242601-22P,@kehrman1
186715-27P,
249348-16P,
140599-63P,YairShapira
124845-67P,@OrderCo_
152274-07P,@andrewryanatx
134639-56P,@Patrickharr
49174-75P,@davejevans
160082-11P,@meetalijavid
176239-54P,@malte_kramer
217023-40P,@chrisronzio
278421-40P,@ADHBCA
42267-25P,@donnie
198459-19P,@KseniaYudina
150964-75P,@jeffreymcgregor
165015-55P,@0xine
202236-58P,@_seanli
48748-87P,@awadsayeed
37155-43P,@StefanGroschupf
96162-76P,@RazielTabib
184446-37P,@ZviBIShaY
127578-88P,@brianverne
206515-00P,@paulaaron
244727-92P,
187386-31P,@akschultz_svt
131302-00P,
43748-74P,@ajhoag
140661-55P,
266423-23P,@ianDAOs
210067-12P,@Ems1191
185964-31P,@abhishekvsingh
91866-34P,@Vu_Lam
210949-57P,
53558-29P,@mciolko
180488-53P,@luisceze
156701-53P,@arieldaie
203164-39P,"@JoshKamrath, @kamrathj"
35359-48P,@johnwastaken
106030-27P,@FlyingSardar
86125-06P,@joerobinson
94610-98P,"@NietonoNoTwix, @VladRichter"
133673-41P,@guyfriedman
122538-79P,@hans_d
233295-67P,
235777-78P,@1HowardWu
93287-53P,@weinberger
99365-41P,@jaolson9
134614-27P,@HeymanDaniel
15324-49P,
213740-65P,@nooruldeenagha
238765-15P,@magnus_majority
96407-74P,@jokoeppel
180472-06P,@souissal
101295-19P,@multiplay3r
168308-38P,@tbfaux
224740-00P,@leanthebean
213268-24P,@Krn_Kashyap
221189-32P,
127589-68P,
120754-72P,@jbensamo
224344-63P,
235802-53P,@larsbirkholm
35553-52P,@andrewmason
201522-61P,@yescynfria
61071-04P,@yescynfria
42812-65P,@samchaudhary_
193987-72P,@anthmfs
125931-34P,@daviderabie
39054-70P,@MikeRFitz
79208-56P,@sameer_alsakran
178650-82P,@ayalyogev
197393-23P,@yaempiricist
190164-34P,
143286-76P,@djsampath
155798-74P,
203075-38P,@mansourtarek_
187924-42P,@rgregg
52899-49P,
72520-84P,@itsgreghong
76344-67P,@vijaycs42
47798-11P,
199827-28P,@GopalanYadhu
45884-44P,@ddennerline
97034-41P,@MsMelissaWong
223183-18P,@YJZar
178725-70P,
155656-72P,
89919-19P,@rickyamper
193859-20P,@gaijindan
184028-41P,@kencarnesi
211230-37P,@bokelley
183598-39P,@goeltweets
47709-64P,@kevinliu
193564-45P,@anthonyleung
38068-48P,@dcancel
143698-06P,@karl
180309-34P,
168270-13P,@therealmikechen
71532-19P,@gyalif
94882-15P,@ManishJethani
44452-90P,"@cxyoda, @mprov13091"
280664-47P,
249463-63P,@McStempel
64287-91P,@lyonwong
136378-72P,
79192-99P,@AaronIRasmussen
136592-56P,@hegranes
192392-29P,@HoanTonT
189120-88P,@ChadBronstein
38978-11P,@davide_m_marini
46029-16P,@pwcoyne
59233-42P,
,
196735-15P,"@kaufman_alon, @alon10882"
51853-33P,@liorelazary
188310-79P,@MattWyckhouse
122685-76P,@djiaoMei
138850-30P,@glennsteve
49170-16P,"@johnlsun, @JohnSun43837496"
95422-42P,@michaelchasen
125601-58P,
40025-35P,@motukuri
137473-03P,@GeemanYip
50576-32P,@natemitchell
121693-33P,@DerikPridmore
43028-83P,@kontsevoy
153032-77P,@AditJain93
174551-59P,@Jason_T_Ray
64774-90P,@tancman
53479-27P,
164441-80P,
40778-56P,@cwiklund
38804-77P,
47784-79P,
89522-38P,@boazbachar
199042-12P,"@ArchanaRao20, @Archana98482254"
39426-22P,@Rongura
277246-36P,
218612-53P,@addvin
128019-43P,@alfromnexhealth
190397-62P,@RussRothstein
213771-25P,@MitchGordonGo
106444-72P,@gautambay
140892-94P,@jgummara
169423-75P,@BenFlowspace
163990-72P,
35709-67P,@jungledave
222370-30P,@scribeceo
39120-40P,@forzley
136016-56P,
203288-86P,
179351-20P,
45940-42P,@amlau
176272-75P,@CompanyCam
231160-42P,@_BenHQ
114371-20P,@snehalantani
75358-09P,@jain_ankit
239545-09P,@derek_t_lo
142605-19P,@josephcohen
59517-01P,@KasparsDancis
158662-09P,@JosselynBoudett
35649-64P,@puneetmehtanyc
72054-01P,
106798-78P,@danrwagner
40177-45P,@thebaabak
100469-53P,@ankit042
201055-15P,
87116-50P,@zbruhnke
201996-46P,@krishnagade
120177-19P,
195064-03P,@jlowin
96961-96P,@ppplachkov
165797-65P,VVoroninski
170626-87P,@christineptao
82636-57P,@rajeshbhat
199649-71P,@akileshbapu
97123-87P,@raviteja2007
40012-84P,@johnwbruce
210522-43P,@yaronsinger
184774-33P,"@sena_mike, @senamichael"
278812-18P,@matthewamiller
187578-55P,@vsminter
195796-18P,@GreenSandeep1
193752-37P,"@martinkay, @martinkay11, @martinbkay"
64662-22P,@rkhanna
179977-51P,
44195-23P,@hkolam
179986-69P,@kenmartin_io
38804-77P,
145331-83P,@dhiraajs
226997-83P,@ad_dv
131509-72P,@timzheng
38071-18P,
154171-27P,@jackaltonmt
258472-81P,@LindaMLian
80668-45P,@phazlehurst
232493-50P,@mpdelaTorre
243492-85P,
97123-87P,@raviteja2007
156570-85P,@wjvill
95052-34P,
39079-18P,@chuck_wallace
45101-26P,@AndrewKahl
222227-56P,"@DYNAMITEDORK, @DBanksy, @DOEChancellor"
157601-53P,
162081-82P,@oneabhishek
166934-17P,
166487-50P,@ErikNievesSDA
149872-69P,@SaketModi_
130140-73P,@MariaRioumine
180357-13P,@NicolasVDB
179613-19P,
38489-50P,@chuckganapathi
189600-31P,@markolsonmusic
200424-88P,@theRealTrishaK
49299-67P,
74079-73P,@OnArchipelago
215595-28P,@adampnathan
196250-41P,@thomaslfo
209872-72P,@eonwhite
43873-12P,@swapnil_shinde
43644-34P,@almostabc
72793-09P,
279855-37P,@roee
138417-94P,@epetersen0506
250027-93P,
89551-63P,@fabiengrenier
176021-65P,@dboskovic
98426-62P,@ashady
127893-61P,@makrdave
242713-00P,
176025-25P,
200533-96P,@DrDavidPincus
131560-93P,
224534-71P,@johnjahnke
163713-61P,
204862-33P,
103534-48P,@kirillbigai
59378-05P,@howardting
120691-81P,
39922-21P,@AmirHemmat
211251-07P,@ajratner
111324-25P,@jeffpchou
212299-66P,@myelbows
244615-42P,@Altimor
125902-99P,@maseeq
164346-67P,@prem_jain2
116171-38P,
218582-29P,
124162-93P,@ahsanhilal
118591-75P,@ZeroHashX
168825-97P,@konstantin11
35885-98P,@karlmehta
196202-89P,@rconline
206807-86P,
153443-62P,"@Hjin83, @hyunjinapark,"
77116-33P,@BryceSmithIA
213093-91P,@a_kane47
121907-26P,"@Premkiran08, @premkiran_"
238021-57P,@ChrisPento
50662-63P,@zach_shelby
214259-59P,@TheSamLi
186938-65P,@DorRoey
67398-94P,@mgorniak
96770-44P,@travismontaque
220217-95P,@SinaChehrazi
213150-79P,@mistercrunch
45809-92P,@lihi_segal
136267-03P,@EdrisBemanian
189598-78P,@viditjamn
30350-17P,@warrenhogarth
117387-91P,ryanalshak
115727-32P,@polock
241518-52P,@BitcoinBirch
216635-14P,@larryfurr
137917-45P,@ryandhorrigan
176727-34P,
147133-72P,@SteveGu11
75567-70P,@sirishraghuram
210601-18P,@c_valenzuelab
255521-62P,@newzerozeroone
135590-14P,"amirnehemia, @amir_nehemia, @NehemiaAmir "
235648-00P,@schabelmj
197878-87P,
192100-33P,@guronghuieric
35613-64P,@jkretch
192143-17P,@dadiomov
227559-16P,@AlbertSaniger
221441-68P,@ryanglasgow
180137-71P,@nicholas_bulcao
62971-48P,@sean_petterson
206645-95P,@anttayl0r
46679-32P,tschellenbach
158699-80P,@parthaseetala
284482-09P,@EvanWeb3
192959-65P,@marcjbernstein
42228-91P,@NaohHorton
203240-71P,@CTurlica
162626-14P,"noah1211, @Will_IAM_Glaser"
38582-20P,@MHillestad
35532-73P,
197234-38P,mrmiddleton
175685-23P,JorgeEbrea
53967-34P,EddieVivas
210793-42P,boryaShak
250274-71P,MichaelPechman
118780-48P,LeafLinkUS
83795-41P,viedma
43261-03P,nickfrancis
35327-35P,
88627-60P,GrahamJenkin
206767-54P,mythchaser
102924-64P,
190272-70P,jeting
69915-70P,internet_meme
232797-52P,kligris
91556-38P,solonitsyn
85608-82P,manuaero
71256-16P,smuddu
147738-97P,DenehyXXL
254390-86P,
162498-25P,giantsquidgirl
72204-13P,
233246-62P,RamaswmySridhar
126586-81P,Cynet360
141616-36P,Envy_Rmer
202315-78P,varungyan
102349-45P,ClemDelangue
210821-14P,sehikian
184177-72P,
220611-43P,AbeGong
131577-76P,
141017-41P,KyleHansolvan
101287-18P,acoustik
136825-75P,DerekjAndersen
242939-53P,bankgreenwood
40509-28P,MelodyMcC
168858-82P,MichaelVRangel
238661-29P,jainarvind
117519-13P,sacchetti
118663-48P,sharmag88
104837-59P,IlirSela
212018-68P,scottwkaz
130237-84P,TheSunak
180309-34P,karl
127224-37P,mcleanforeman
119099-62P,
242399-17P,KatzAnton
203279-86P,AppOmniSecurity
104701-24P,nathanielharley
52873-03P,marcpiette
235229-77P,andrewluong_
192442-42P,
206553-34P,Alex_Israel
54466-57P,
221670-10P,lightshiptrials
214237-36P,bthamilton
179977-51P,privoro
41411-71P,
188238-34P,
111903-13P,SleeperNan
35405-74P,CreatorIQ 
101599-57P,schwartz_erik
248153-41P,joshwget
240454-54P,MosaicTechInfo
,TheWaveXR
98516-89P,DavidReidEase
189120-88P,ChadBronstein
162861-40P,Giuseppelncitti
38365-30P,kwindla
237984-76P,nabutovsky
110626-93P,pushkar_mukewar
184264-93P,PayWithExtend
225273-70P,alexathallow
210989-80P,njbowden
199828-27P,lukasquanstorm
69565-96P,workizinc
42751-27P,belcherdan
127777-24P,
58363-84P,thomascottereau
221533-39P,
190201-33P,gell_brandon
186510-88P,stevehwen
117030-07P,madhankk
216159-76P,LaskinBunim
45184-51P,FaisMasud
36372-16P,aaronhawkey
214650-19P,martin_c_mao
103908-52P,
35758-72P,
221864-86P,jlotto
149394-34P,ladhasaurabh
208731-97P,ConvexBuilt
132467-41P,EnricoPalmerino
41881-15P,Ocient
101168-02P,
105241-15P,
156246-49P,
194984-38P,Wcoleman84
61844-77P,aarjav
38473-57P,rkottenstette
253448-83P,breale
36802-54P,l2k
39666-07P,truebill
50845-60P,ankurjain_2
93983-59P,redox
63128-62P,LauraBehrensWu
117907-75P,JRDroege
39725-11P,auren
203193-91P,
103677-85P,PeopleDataLabs
168240-79P,KendrickEsq
74295-64P,jerondanielpaul
38262-97P,Zuff_Sec
218782-99P,KyleJamesKirwan
208852-57P,
225821-62P,andrewenable
42514-48P,heathermirj
162997-21P,
97040-44P,chrisrothstein
59951-62P,anshublog
43394-77P,efutoran
84846-88P,
126894-61P,mroesch
214810-21P,Matthewschulman
230526-73P,
57702-88P,SchambachSays
218238-49P,AluruSravanth
201001-78P,asturnerr
191401-84P,
182748-70P,patrickmro_
44506-81P,carlosdomingo
162346-42P,fintechfarmer
104011-48P,jakefromfargo
156182-23P,Rajeshkal
110860-57P,mateomarietti
196514-29P,mcolacurcio
170207-83P,kaangunay_
199175-77P,
63238-87P,noahlang
192379-96P,mynaneisdesmond
171649-72P,legiontech
135364-60P,alexkhuda
221533-39P,
219394-99P,wangandrewd
117748-63P,PaulLWiltshire
175921-48P,
47016-10P,jamingo
42876-28P,pjsullivan3
118176-58P,
91047-88P,kalpeshkapadia
52143-40P,LeoreAvidar
40947-31P,Goopt
116751-07P,esbsagi
43142-23P,collmerica
201390-13P,jasonwenk
173448-73P,Balaji_Blog
162203-68P,kevsben
215742-79P,2Ragu
222381-28P,simonkalouche
182117-53P,tapcart_app
145546-30P,feldman_eyal
64859-95P,
215882-74P,TheTeaGuns
225312-49P,DorKnafo
200926-72P,rickcsong
190091-44P,naveensingh91
190426-78P,itaidamti
63922-87P,amiadsoto
151120-81P,Noam_BenZvi
154660-60P,carerev
180702-01P,zaydenam
51286-69P,
15090-94P,SteveStoute
144321-04P,balanayyar
55526-95P,cherrecore
39687-58P,ginab
38830-06P,christinacaci
38411-20P,batmelon
154895-23P,L1pk0
64330-84P,jeremyalmond
29361-34P,MattyB
125348-95P,celigonic
46745-83P,GrantM
46457-92P,jscheur
11979-46P,
88627-60P,GrahamJenkin
80032-96P,kswensrud
53434-00P,brianbell123
207896-05P,tejaskonduru
103015-36P,
95831-92P,TigranSloyan
232288-30P,headlesshm
200080-81P,
177387-58P,benherman123
77593-24P,MattElisSD
169892-47P,
141836-05P,
204240-34P,tony__lewis
36699-31P,bindureddy
79589-08P,brynary
67303-00P,alexhagerup
144002-44P,inspectorio
16885-09P,johnkatzman
16885-09P,johnkatzman
129453-13P,daneatkinson
64980-55P,derekmerrill
169602-22P,krrlogic
74501-29P,cyen
43217-83P,ZacBookman
196221-25P,coterienIns
52785-10P,
15090-94P,SteveStoute
45615-79P,
247209-40P,flippnflops
69065-56P,nateps
37106-29P,adharni
43806-70P,CompStackCEO
141633-10P,TheMasonLine
223798-15P,isamlambert
148569-76P,
172894-24P,
36127-54P,
39136-42P,
244420-57P,jmkendall2
77977-18P,OctaneLending
57726-10P,tuckerwcallaway
224791-39P,
40599-55P,RudyNYC
214395-58P,
167514-13P,WoodburyJoseph1
41467-24P,rebeminguela
66758-50P,
62750-71P,odedzehavi
233957-26P,
147799-72P,papayapay
96973-12P,DavidSignal
223341-67P,a_golshan
133752-16P,sedairus7
57320-02P,davevasen
40154-59P,strongdm
47398-15P,eranshir
207124-84P,hellofromLili
49020-04P,
179858-89P,RichSorkin
202746-97P,
37048-87P,
122958-55P,SamPolk
60291-55P,
105936-04P,GuyBejerano
271326-79P,
46080-73P,
60943-06P,StephKirkpat
182493-73P,PaulJoeyPowers
151082-56P,EliFinkel
193455-37P,orenbarzilai
80580-16P,alyrax
150639-31P,
45509-50P,
49980-43P,
133217-38P,synopsi
108851-77P,nehasf
45461-17P,
148982-59P,_M_watson
97269-85P,
273263-05P,
122436-37P,MatanOrel
44481-61P,thazhmon
88540-48P,avifreedman
88217-02P,virtualclay
40954-06P,AndrewYNg
47736-91P,
45570-16P,JohnKobs
163840-60P,pjaburns
192874-78P,cskirchner
72891-10P,tweetTheGuru
60298-84P,McCambridgeMatt
106060-24P,ckj
44307-91P,mahmoudimus
40544-11P,dougludlow
248499-19P,
157057-03P,
122393-98P,
186672-70P,
196660-81P,ApexAI_Inc
42852-07P,yegg
100424-17P,sumirmeghani
221328-10P,MalinkaWal
127588-78P,
174519-91P,
36048-16P,
44318-53P,cgarb
52611-40P,_JackMcDonald_
116804-89P,andy_bromberg
118593-10P,bolingj
132147-01P,songelaron
43003-18P,
49287-88P,mikitamikado
42257-80P,billbarhydt
32450-59P,Stellar_Health_
221693-95P,narayanarjun
64026-10P,
46630-09P,
52804-54P,aaronfeuer
199827-28P,GopalanYadhu
146044-45P,jeff_schumann
80336-89P,mattzeiler
96230-08P,freddier
200298-16P,estebancastano
43731-82P,
35618-32P,bassamtabbara
134290-90P,varo_colin
43469-65P,anthemos
44215-57P,natgordon
79150-60P,jtbatson
191491-03P,pbailis
210263-59P,lynchseattle
129795-67P,
42325-66P,
41373-10P,LaszloBock
176727-97P,AntonioMjuliano
185318-29P,
157874-05P,
141052-69P,agnazem
41291-74P,
95466-70P,
249107-32P,
108464-50P,JimMcGinleyIV
176302-00P,ysherwani
195259-51P,samir_vasavada
55719-28P,akashrnigam
206051-68P,lsanza
204006-79P,
99863-74P,anoopxgupta
157913-38P,seanhenryatl
96131-08P,ethereumJoseph
236980-99P,BM_DataDowntime
207690-94P,ken__chong
157057-03P,
193034-89P,nikil
83912-14P,finbarr
214925-23P,gosteve
127550-17P,brad_rothenberg
125699-95P,eyalbd1
20179-72P,SallieKrawcheck
181024-84P,
176077-99P,Hhorsley
108589-15P,mrcraigcjones
176566-78P,dojiboy9
181995-49P,ktizzel_
47516-77P,atifsiddiq
124076-62P,
113388-04P,
47644-39P,JarrettGBauer
99434-26P,kgosschalk
126854-11P,
199836-19P,clintverse
117698-86P,@DonSchererCEO
117431-11P,fangjin
65161-99P,AaronSchumm
157800-88P,
151058-35P,getFilip
174186-01P,shahar_chen
176563-36P,yuvalb
161190-01P,
87534-73P,blaizeinc
106778-98P,J_Waldmann
158707-45P,wendykgonzalez1
100489-42P,husseinthoughts
120759-13P,hpalan
185042-80P,MichaelRamlet
35359-48P,johnwastaken
42089-68P,ArtAgrawal
215614-54P,
11979-46P,
175736-98P,smullaney
196588-99P,
145186-84P,Barnes_M1
128566-00P,mattfairhurst
39788-11P,day_dree
36381-88P,rajkoneru
200744-56P,aiskandarian
231156-01P,JonasDuss
39830-32P,amirnathoo
35461-54P,rahulvohra
197878-87P,
125379-01P,ThePBXGuy
164644-84P,Andrelcollins1
80583-67P,dye_brian
41827-06P,danmichaeli1
146023-57P,Shimonelkabetz2
240258-52P,LeoreAvidar
53967-34P,EddieVivas
176496-13P,yellowbrickdata
234136-90P,AlekKoenig
198753-13P,naftaharris
213971-41P,GurpssRai
39767-95P,robertjmoore
205888-42P,ReibusInternat1
117119-80P,grahamgaylor
63930-70P,afifkhoury
38817-46P,karl_siebrecht
60772-69P,andy_ruben
228512-08P,NijiSabharwal
176081-86P,diogomonica
213093-10P,everettcookny
242161-93P,GeorgeLeimer
93804-49P,bforgan
226591-12P,sima_inc
95824-45P,haoyuan
96636-43P,redcanary
193034-89P,nikil
98586-73P,adventurejones
39136-69P,tfadp
160338-43P,meirav_oren
30329-83P,
232942-69P,
174286-45P,peterxichen
168238-09P,orcolus
190260-01P,wgapatrick
142126-30P,rzhou186
89919-19P,rickyamper
168945-40P,mrsrobinsin_a
159551-56P,
80738-02P,fastaflee
165080-62P,
214742-44P,
43659-82P,ruzwana
39876-22P,jyotibansalsf
46182-88P,kahuja
192100-33P,guronghuieric
142869-79P,amasad
62166-61P,
16815-70P,
185928-76P,
211251-07P,ajrathner
86526-82P,mattpohlson
180488-53P,luisceze
192016-72P,
192143-17P,dadiomov
112031-83P,
40443-40P,
108312-22P,alessioalionco
52555-60P,seanbehr 
203599-27P,SsimonHYCU
179698-24P,
117560-71P,
12179-17P,tbkopp
149742-01P,MK_LogicGate
124173-46P,KhalZahar
151636-06P,
197614-54P,
104439-16P,mcarroll_
129362-59P,Gmandelzis
120203-92P,SnapRaise
157913-38P,seanhenryatl
38864-98P,jonsidd
186565-78P,leasewithkafene
147738-97P,DenehyXXL
179894-44P,Lennie_S
249463-63P,MCStempel
170141-05P,
103045-87P,tedelliot
43481-98P,arthurmadrid
108777-70P,jboehmig
96119-11P,yinonar
61962-67P,matlasmiller
40395-97P,pdavison
264594-07P,
106063-75P,DeanSysman
53322-49P,matthew_gross
206574-94P,AustinRWoodward
158483-26P,EynatGuez
59924-98P,shishirmehrotra
54190-54P,socureme
38332-72P,Blake_Hall
38251-00P,plibin
161244-28P,Akash1026
35451-55P,
131530-69P,nickfajt
92537-74P,Matt_Elenjickal
125231-05P,gronager
63318-25P,waseem
36807-04P,fdescamps
215651-62P,
170207-83P,kaangunay_
169127-56P,Mr312
118809-19P,JordanDFeldman
43262-65P,CJMacDonald
38369-26P,kabir
13548-88P,
129667-33P,dimitrisirota
90848-35P,fdouetteau
45184-51P,FaisMasud
212680-00P,bella_bongiorno
162710-56P,dfinzer
187511-86P,getEthosLife
42697-45P,HiWoebot
109621-81P,
61099-75P,mahebay
131376-43P,InterosInc
53509-33P,delanuez23
147867-58P,rauchg
200849-59P,estraschnov
45208-45P,linder78
74609-74P,OlegR
216258-22P,victorlugger
130132-81P,waynesalvin
236645-29P,
98154-91P,tommyrva
49370-95P,KiranRaju
168640-30P,rudeegraap
52046-29P,guynirpaz
64251-19P,Michell67007246
180312-40P,Gem_Software
33795-46P,halejamie
83893-96P,popstarr2000
278815-33P,tubergen
160082-11P,meetalijavid
74329-12P,markowitzadam
260104-69P,Xperience_Chris
130835-35P,
49309-21P,Jeff_Schneble
100594-81P,abhinavshashank
56555-92P,Yu_Xu
169334-47P,KentaroKawamori
72538-21P,scott_voigt
54046-00P,pfuloria
186672-70P,KandjiMDM
172756-63P,Rob_Gurz
213073-66P,
40214-35P,
36934-39P,jondahl
135427-60P,capdevielle
41880-16P,bijugk
218362-33P,robertnishihara
150480-73P,
151120-81P,Noam_BenZvi
224534-71P,johnjahnke
95422-42P,michaelchasen
137720-26P,
36295-66P,vijaytella
83848-60P,satyx
40554-28P,sgourley
133557-31P,biilmann
42395-23P,MikeCarvin
120142-18P,BrendanEich
45981-01P,
155798-74P,
52093-54P,jprassl
51161-95P,MikeWhitmireFQ
168092-56P,scottlynn
96610-51P,mobhende
39830-32P,amirnathoo
101832-22P,
143893-81P,Jnavok
121481-65P,Brandon_Brown
103318-93P,
136707-22P,jpdrouin
41309-02P,KMFine
211003-03P,matanbar
42812-65P,samchaudhary_
37276-66P,JustinBorgman
116169-58P,eglyman
85608-82P,manuaero
135506-44P,
136291-78P,
102129-58P,Oliverpaihes
253575-55P,
124106-41P,
85926-25P,classy
35547-04P,immad
140015-26P,
177539-41P,TobennaA
108833-32P,YuvalRooz
203275-54P,sgoldfed
225457-21P,
238745-80P,miguelflarrea
38791-18P,
42866-92P,ZachAHyman
42876-28P,pjsullivan3
37282-06P,MarkDouglas
35846-56P,jason_zintak
47347-48P,eldadfarkash
43826-68P,sqs
209867-50P,jack_naglieri
112031-83P,
151003-54P,jvaibhav1101
200312-29P,davissiksnans
159887-08P,yoyo_thomas
138904-39P,
44481-61P,thazhnon
85748-77P,andrewfarah
41444-74P,patk
92943-28P,
42404-95P,GeoffQL
206574-94P,AustinRWoodward
60149-26P,
63416-26P,
48765-61P,toddschwartz11
92516-59P,havoyan
132483-34P,ritun
97861-96P,AndreiCherny
135788-05P,Erozenrot
52503-40P,callmevlad
172231-12P,Idit_Levine
44596-18P,Claroty
70465-60P,vsikka
36802-54P,l2k
52611-49P,
100005-58P,Umesh_Sachdev
177467-95P,
103045-87P,tedelliot
118768-60P,
248499-19P,
100846-00P,yongkookkim
117802-18P,Arobichaux
153075-34P,jassonbgross
136257-49P,RealFlyhomes
169420-69P,JordanEzrFisher
220992-31P,
215406-91P,jthandy
55124-83P,
228264-67P,Jobvo
137097-19P,
171127-72P,KMelnick77
151017-40P,bvnixon
84856-42P,alexandermans
200926-72P,ricksong
210263-59P,lynchseattle
168240-79P,KendrickEsq
103527-73P,TomLivne
58101-49P,
147867-58P,rauchg
79738-30P,ozalon_
35359-48P,johnwastaken
91186-12P,MilindMahere
168825-97P,konstantin11
173651-23P,Bouazizalex
69095-98P,a_w_king
62304-13P,fly_upside_down
225724-60P,MichelTricot
114088-42P,
176202-82P,blakemur
41163-58P,
174648-88P,
39521-53P,habbott
43613-02P,abrashafi
197567-38P,
191035-72P,TechProd_Arch
173875-33P,
53616-61P,ralf_jokr
180673-57P,joshuamotta
125546-77P,GuyCaspi
250023-25P,
266911-93P,LessenJay
211028-68P,degreed 
62495-47P,
263319-04P,
140416-03P,
230526-73P,
176642-56P,mariociabarra
40169-17P,mcagney
49309-21P,Jeff_Schneble
154223-47P,flottobrasil
195882-31P,bhavinator
194050-36P,
187511-86P,
40395-97P,pdavison
150080-32P,kylenakatsuji
102312-82P,edith_h
151105-60P,
214650-19P,
173281-24P,
36872-56P,
143545-24P,RobertMLee
45025-12P,RossInAustin
116274-16P,
96131-08P,ethereumJoseph
74332-00P,ericwilliamrea
44125-12P,ajshankar
174713-77P,RotemIram
100782-64P,WesSchroll
221587-66P,yonitseru
144854-02P,RicardoFSalgado
145236-88P,kbarday
157174-93P,
101570-05P,janontour
215742-79P,2Ragu
202168-45P,clintsharp
117560-71P,
79224-67P,TTPaiva
139699-36P,
158556-79P,sopp_stuart
100153-99P,LarryAmplify
105163-03P,
105570-19P,leifthunder
36831-88P,nopzor
206878-15P,
89919-19P,rickyamper
95466-70P,
41251-33P,a85
199818-46P,
204606-19P,Hserunjogi
79199-20P,chhopper
53742-79P,bhavintu
126719-65P,DrewDurbin
211003-03P,matanbar
53953-48P,JayVijayam
158483-26P,EynatGuez
40768-39P,parkerconrad
202102-66P,WoodyLevin
38353-87P,tim_sheehan
15141-88P,aaronmatos
53616-61P,ralf_jokr
78835-33P,
49399-66P,
125390-62P,
104928-58P,hdubugras
47982-79P,johnhanke
162710-56P,dfinzer.eth
154499-41P,
111841-39P,abialecki
90821-98P,TopeAwotona
70426-90P,BlockFiZac
85805-38P,
116169-58P,eglyman
168693-85P,
207417-07P,
194050-36P,
44281-63P,
199834-12P,nathanmccauley
92431-45P,theryanking
40903-66P,atgrauer
133808-32P,
43338-52P,tyler
117227-89P,khusya
104928-58P,hdubugras
54051-13P,zachperret
173651-23P,Bouazizalex
137806-03P,jasondailypay
63416-26P,
136724-95P,PeggyJ
114088-42P,
48061-27P,dhubbard585
36716-23P,TransmiSec
47900-53P,frasergeorgew
113388-04P,
154093-24P,isotowright
74051-56P,RodrigoLiang
263319-04P,@KevinChou
63341-38P,
14137-39P,Mashinsky
56140-39P,michaelphilippe
60475-06P,jayparikh
88516-09P,GetAdam
126614-35P,TechTekedra
165620-98P,
48185-29P,AviKarnani
33211-99P,
262052-74P,paddypower
199302-94P,
262114-21P,
70583-68P,BambinoCeo
,
79268-50P,BEEPCEO
110788-03P,
114020-74P,
162652-87P,1_55_AM
232315-57P,bopdropceo
246527-11P,daytonmills
225681-04P,PM_Coghlan
242200-09P,bohan
82630-27P,ziahayat
60231-25P,SameerAShariff
180847-90P,meidadsha
161190-01P,
35785-09P,MichaelCAJanesen
,
93839-86P,
207322-84P,ArmandParadis
39720-61P,kambwani
264546-73P,Craftmanplus
185067-37P,danielmhanover
185067-37P,danielmhanover
191123-83P,atjbruce
36501-76P,databrett
35897-86P,daveselinger
101698-75P,tomlucient
163668-88P,
212059-27P,
235748-17P,
203729-32P,Edgetensor
200827-18P,
174494-89P,
251380-45P,YasarCorp
195743-98P,DavidShrier
210180-88P,fedepo
,
257986-90P,
231860-98P,SeanCon69943052
137837-98P,nedlern
268592-50P,RonnieSloanMck
221757-58P,DmitryUlyanoML
253860-40P,
230898-34P,
239742-37P,Mnylif
282003-76P,
224864-20P,
270909-64P,
84390-22P,BKBuchanan
170783-92P,_maxdeutsch
14103-46P,Mabbott88
264504-61P,
244169-92P,brianjesposito
215540-83P,APFintech
244232-92P,bblos4
232452-28P,
16751-08P,DonaldFrieden
235226-98P,
147892-96P,
273310-57P,
278279-65P,
54162-37P,fridapolli
171107-29P,kevinemoore
47930-59P,JonathanCErwin
83799-64P,
223477-84P,RockvalCEO
224047-18P,HaohanXu
,
66832-03P,ashwinnavin
138793-87P,
262604-17P,Dchoi_1976
264038-77P,
252118-09P,@imdaniconejo
258149-89P,@sirRodgePodge
185203-72P,AngelinaLawton
42352-39P,
,
39876-22P,jyotibansalsf
100069-30P,
158290-21P,
39666-07P,haroon
106446-79P,E_Easterling
33766-93P,tonyhuie
274317-94P,VeeFinance
59290-84P,davehendricks
137263-06P,liranzvibel
199935-64P,
215149-06P,whiskerlabs
233648-56P,jspattorney
178074-01P,
